image_id,product_id,image_url
1,1,https://images.unsplash.com/photo-1581655353564-df123a1eb820?fm=jpg&q=80&w=1000&fit=crop
2,2,https://images.unsplash.com/photo-1581655353564-df123a1eb820?fm=jpg&q=80&w=1000&fit=crop
3,3,https://images.unsplash.com/photo-1581655353564-df123a1eb820?fm=jpg&q=80&w=1000&fit=crop
4,4,https://images.unsplash.com/photo-1581655353564-df123a1eb820?fm=jpg&q=80&w=1000&fit=crop
5,5,https://images.unsplash.com/photo-1612889002991-fbfaf775d231?fm=jpg&q=80&w=1000&fit=crop
6,6,https://images.unsplash.com/photo-1612889002991-fbfaf775d231?fm=jpg&q=80&w=1000&fit=crop
7,7,https://images.unsplash.com/photo-1612889002991-fbfaf775d231?fm=jpg&q=80&w=1000&fit=crop
8,8,https://images.unsplash.com/photo-1612889002991-fbfaf775d231?fm=jpg&q=80&w=1000&fit=crop
9,9,https://images.unsplash.com/photo-1564257631407-4deb1f99d992?fm=jpg&q=80&w=1000&fit=crop
10,10,https://images.unsplash.com/photo-1564257631407-4deb1f99d992?fm=jpg&q=80&w=1000&fit=crop
11,11,https://images.unsplash.com/photo-1564257631407-4deb1f99d992?fm=jpg&q=80&w=1000&fit=crop
12,12,https://images.unsplash.com/photo-1564257631407-4deb1f99d992?fm=jpg&q=80&w=1000&fit=crop
13,13,https://images.unsplash.com/photo-1574201635302-388dd92a4c3f?fm=jpg&q=80&w=1000&fit=crop
14,14,https://images.unsplash.com/photo-1574201635302-388dd92a4c3f?fm=jpg&q=80&w=1000&fit=crop
15,15,https://images.unsplash.com/photo-1574201635302-388dd92a4c3f?fm=jpg&q=80&w=1000&fit=crop
16,16,https://images.unsplash.com/photo-1551028719-00167b16eac5?fm=jpg&q=80&w=1000&fit=crop
17,17,https://images.unsplash.com/photo-1551028719-00167b16eac5?fm=jpg&q=80&w=1000&fit=crop
18,18,https://images.unsplash.com/photo-1551028719-00167b16eac5?fm=jpg&q=80&w=1000&fit=crop
19,19,https://images.unsplash.com/photo-1551028719-00167b16eac5?fm=jpg&q=80&w=1000&fit=crop
20,20,https://images.unsplash.com/photo-1627637454030-5ddd536e06e5?fm=jpg&q=80&w=1000&fit=crop
21,21,https://images.unsplash.com/photo-1627637454030-5ddd536e06e5?fm=jpg&q=80&w=1000&fit=crop
22,22,https://images.unsplash.com/photo-1627637454030-5ddd536e06e5?fm=jpg&q=80&w=1000&fit=crop
23,23,https://images.unsplash.com/photo-1556821840-3a63f95609a7?fm=jpg&q=80&w=1000&fit=crop
24,24,https://images.unsplash.com/photo-1556821840-3a63f95609a7?fm=jpg&q=80&w=1000&fit=crop
25,25,https://images.unsplash.com/photo-1556821840-3a63f95609a7?fm=jpg&q=80&w=1000&fit=crop
26,26,https://images.unsplash.com/photo-1556821840-3a63f95609a7?fm=jpg&q=80&w=1000&fit=crop
27,27,https://images.unsplash.com/photo-1618259181324-86a49fe68099?fm=jpg&q=80&w=1000&fit=crop
28,28,https://images.unsplash.com/photo-1618259181324-86a49fe68099?fm=jpg&q=80&w=1000&fit=crop
29,29,https://images.unsplash.com/photo-1618259181324-86a49fe68099?fm=jpg&q=80&w=1000&fit=crop
30,30,https://images.unsplash.com/photo-1618259181324-86a49fe68099?fm=jpg&q=80&w=1000&fit=crop
31,31,https://images.unsplash.com/photo-1618259181324-86a49fe68099?fm=jpg&q=80&w=1000&fit=crop
32,32,https://images.unsplash.com/photo-1766056278842-b754f1e093c0?fm=jpg&q=80&w=1000&fit=crop
33,33,https://images.unsplash.com/photo-1766056278842-b754f1e093c0?fm=jpg&q=80&w=1000&fit=crop
34,34,https://images.unsplash.com/photo-1766056278842-b754f1e093c0?fm=jpg&q=80&w=1000&fit=crop
35,35,https://placehold.co/600x800/EFEFEF/333333.png?text=Seamless%20Bikini%20Briefs%203-Pack
36,36,https://placehold.co/600x800/EFEFEF/333333.png?text=Lace%20Trim%20Bralette
37,37,https://placehold.co/600x800/EFEFEF/333333.png?text=Cotton%20Boxer%20Briefs%203-Pack
38,38,https://images.unsplash.com/photo-1602293589930-45aad59ba3ab?fm=jpg&q=80&w=1000&fit=crop
39,39,https://images.unsplash.com/photo-1602293589930-45aad59ba3ab?fm=jpg&q=80&w=1000&fit=crop
40,40,https://images.unsplash.com/photo-1602293589930-45aad59ba3ab?fm=jpg&q=80&w=1000&fit=crop
41,41,https://images.unsplash.com/photo-1602293589930-45aad59ba3ab?fm=jpg&q=80&w=1000&fit=crop
42,42,https://images.unsplash.com/photo-1714729382668-7bc3bb261662?fm=jpg&q=80&w=1000&fit=crop
43,43,https://images.unsplash.com/photo-1714729382668-7bc3bb261662?fm=jpg&q=80&w=1000&fit=crop
44,44,https://images.unsplash.com/photo-1714729382668-7bc3bb261662?fm=jpg&q=80&w=1000&fit=crop
45,45,https://images.unsplash.com/photo-1590159983013-d4ff5fc71c1d?fm=jpg&q=80&w=1000&fit=crop
46,46,https://images.unsplash.com/photo-1590159983013-d4ff5fc71c1d?fm=jpg&q=80&w=1000&fit=crop
47,47,https://images.unsplash.com/photo-1590159983013-d4ff5fc71c1d?fm=jpg&q=80&w=1000&fit=crop
48,48,https://images.unsplash.com/photo-1590159983013-d4ff5fc71c1d?fm=jpg&q=80&w=1000&fit=crop
49,49,https://images.unsplash.com/photo-1591195853828-11db59a44f6b?fm=jpg&q=80&w=1000&fit=crop
50,50,https://images.unsplash.com/photo-1591195853828-11db59a44f6b?fm=jpg&q=80&w=1000&fit=crop
51,51,https://images.unsplash.com/photo-1591195853828-11db59a44f6b?fm=jpg&q=80&w=1000&fit=crop
52,52,https://images.unsplash.com/photo-1598522325074-042db73aa4e6?fm=jpg&q=80&w=1000&fit=crop
53,53,https://images.unsplash.com/photo-1598522325074-042db73aa4e6?fm=jpg&q=80&w=1000&fit=crop
54,54,https://images.unsplash.com/photo-1598522325074-042db73aa4e6?fm=jpg&q=80&w=1000&fit=crop
55,55,https://images.unsplash.com/photo-1623609163859-ca93c959b98a?fm=jpg&q=80&w=1000&fit=crop
56,56,https://images.unsplash.com/photo-1623609163859-ca93c959b98a?fm=jpg&q=80&w=1000&fit=crop
57,57,https://images.unsplash.com/photo-1623609163859-ca93c959b98a?fm=jpg&q=80&w=1000&fit=crop
58,58,https://images.unsplash.com/photo-1623609163859-ca93c959b98a?fm=jpg&q=80&w=1000&fit=crop
59,59,https://images.unsplash.com/photo-1531439248310-501d477497ce?fm=jpg&q=80&w=1000&fit=crop
60,60,https://images.unsplash.com/photo-1531439248310-501d477497ce?fm=jpg&q=80&w=1000&fit=crop
61,61,https://images.unsplash.com/photo-1531439248310-501d477497ce?fm=jpg&q=80&w=1000&fit=crop
62,62,https://images.unsplash.com/photo-1525966222134-fcfa99b8ae77?fm=jpg&q=80&w=1000&fit=crop
63,63,https://images.unsplash.com/photo-1525966222134-fcfa99b8ae77?fm=jpg&q=80&w=1000&fit=crop
64,64,https://images.unsplash.com/photo-1525966222134-fcfa99b8ae77?fm=jpg&q=80&w=1000&fit=crop
65,65,https://images.unsplash.com/photo-1525966222134-fcfa99b8ae77?fm=jpg&q=80&w=1000&fit=crop
66,66,https://images.unsplash.com/photo-1525966222134-fcfa99b8ae77?fm=jpg&q=80&w=1000&fit=crop
67,67,https://images.unsplash.com/photo-1560769629-975ec94e6a86?fm=jpg&q=80&w=1000&fit=crop
68,68,https://images.unsplash.com/photo-1560769629-975ec94e6a86?fm=jpg&q=80&w=1000&fit=crop
69,69,https://images.unsplash.com/photo-1560769629-975ec94e6a86?fm=jpg&q=80&w=1000&fit=crop
70,70,https://images.unsplash.com/photo-1560769629-975ec94e6a86?fm=jpg&q=80&w=1000&fit=crop
71,71,https://images.unsplash.com/photo-1605732440685-d0654d81aa30?fm=jpg&q=80&w=1000&fit=crop
72,72,https://images.unsplash.com/photo-1605732440685-d0654d81aa30?fm=jpg&q=80&w=1000&fit=crop
73,73,https://images.unsplash.com/photo-1605732440685-d0654d81aa30?fm=jpg&q=80&w=1000&fit=crop
74,74,https://images.unsplash.com/photo-1603487742131-4160ec999306?fm=jpg&q=80&w=1000&fit=crop
75,75,https://images.unsplash.com/photo-1603487742131-4160ec999306?fm=jpg&q=80&w=1000&fit=crop
76,76,https://images.unsplash.com/photo-1603487742131-4160ec999306?fm=jpg&q=80&w=1000&fit=crop
77,77,https://images.unsplash.com/photo-1496747611176-843222e1e57c?fm=jpg&q=80&w=1000&fit=crop
78,78,https://images.unsplash.com/photo-1496747611176-843222e1e57c?fm=jpg&q=80&w=1000&fit=crop
79,79,https://images.unsplash.com/photo-1496747611176-843222e1e57c?fm=jpg&q=80&w=1000&fit=crop
80,80,https://images.unsplash.com/photo-1496747611176-843222e1e57c?fm=jpg&q=80&w=1000&fit=crop
81,81,https://images.unsplash.com/photo-1683315565563-f72590773805?fm=jpg&q=80&w=1000&fit=crop
82,82,https://images.unsplash.com/photo-1683315565563-f72590773805?fm=jpg&q=80&w=1000&fit=crop
83,83,https://images.unsplash.com/photo-1683315565563-f72590773805?fm=jpg&q=80&w=1000&fit=crop
84,84,https://images.unsplash.com/photo-1589128777073-263566ae5e4d?fm=jpg&q=80&w=1000&fit=crop
85,85,https://images.unsplash.com/photo-1589128777073-263566ae5e4d?fm=jpg&q=80&w=1000&fit=crop
86,86,https://images.unsplash.com/photo-1589128777073-263566ae5e4d?fm=jpg&q=80&w=1000&fit=crop
87,87,https://images.unsplash.com/photo-1611937685025-8d1df67a80b6?fm=jpg&q=80&w=1000&fit=crop
88,88,https://images.unsplash.com/photo-1611937685025-8d1df67a80b6?fm=jpg&q=80&w=1000&fit=crop
89,89,https://images.unsplash.com/photo-1611937685025-8d1df67a80b6?fm=jpg&q=80&w=1000&fit=crop
90,90,https://images.unsplash.com/photo-1588850561407-ed78c282e89b?fm=jpg&q=80&w=1000&fit=crop
91,91,https://images.unsplash.com/photo-1588850561407-ed78c282e89b?fm=jpg&q=80&w=1000&fit=crop
92,92,https://images.unsplash.com/photo-1588850561407-ed78c282e89b?fm=jpg&q=80&w=1000&fit=crop
93,93,https://images.unsplash.com/photo-1631044237696-6b38064fbbf4?fm=jpg&q=80&w=1000&fit=crop
94,94,https://images.unsplash.com/photo-1631044237696-6b38064fbbf4?fm=jpg&q=80&w=1000&fit=crop
95,95,https://images.unsplash.com/photo-1631044237696-6b38064fbbf4?fm=jpg&q=80&w=1000&fit=crop
96,96,https://images.unsplash.com/photo-1631044237696-6b38064fbbf4?fm=jpg&q=80&w=1000&fit=crop
97,97,https://images.unsplash.com/photo-1573878591960-37c788c55728?fm=jpg&q=80&w=1000&fit=crop
98,98,https://images.unsplash.com/photo-1573878591960-37c788c55728?fm=jpg&q=80&w=1000&fit=crop
99,99,https://images.unsplash.com/photo-1573878591960-37c788c55728?fm=jpg&q=80&w=1000&fit=crop
100,100,https://images.unsplash.com/photo-1573878591960-37c788c55728?fm=jpg&q=80&w=1000&fit=crop